Time,Float_Position,Float_Angle,Posit_Position,Posit_Angle,Quire_Position,Quire_Angle
0,0,0.1,0,0.1,0,0.1
0.02,0,0.1,0,0.1,0,0.1
0.04,0.00076076,0.0992633,0.00076076,0.0992633,0.00076076,0.0992633
0.06,0.0022609,0.0978326,0.0022609,0.0978326,0.0022609,0.0978326
0.08,0.00447566,0.0957517,0.00447566,0.0957517,0.00447566,0.0957517
0.1,0.00737719,0.0930651,0.00737719,0.093065,0.00737719,0.093065
0.12,0.0109348,0.0898177,0.0109348,0.0898177,0.0109348,0.0898177
0.14,0.0151152,0.0860551,0.0151152,0.0860551,0.0151152,0.0860551
0.16,0.019883,0.0818227,0.019883,0.0818227,0.019883,0.0818227
0.18,0.0252006,0.077166,0.0252006,0.077166,0.0252006,0.077166
0.2,0.0310287,0.0721304,0.0310287,0.0721304,0.0310287,0.0721304
0.22,0.0373267,0.0667607,0.0373267,0.0667607,0.0373267,0.0667607
0.24,0.0440526,0.0611012,0.0440526,0.0611012,0.0440526,0.0611012
0.26,0.0511635,0.0551957,0.0511635,0.0551957,0.0511635,0.0551957
0.28,0.0586158,0.0490867,0.0586158,0.0490867,0.0586158,0.0490867
0.3,0.0663656,0.0428162,0.0663656,0.0428162,0.0663656,0.0428162
0.32,0.0743685,0.0364246,0.0743685,0.0364246,0.0743685,0.0364246
0.34,0.0825802,0.0299512,0.0825802,0.0299512,0.0825802,0.0299512
0.36,0.0909568,0.0234342,0.0909568,0.0234342,0.0909568,0.0234342
0.38,0.0994545,0.0169098,0.0994545,0.0169098,0.0994545,0.0169098
0.4,0.10803,0.0104132,0.10803,0.0104132,0.10803,0.0104132
0.42,0.116642,0.00397737,0.116642,0.00397738,0.116642,0.00397738
0.44,0.125249,-0.00236596,0.125249,-0.00236596,0.125249,-0.00236596
0.46,0.133809,-0.00858709,0.133809,-0.00858709,0.133809,-0.00858709
0.48,0.142286,-0.0146581,0.142286,-0.0146581,0.142286,-0.0146581
0.5,0.150641,-0.020553,0.150641,-0.020553,0.150641,-0.020553
0.52,0.158838,-0.0262476,0.158838,-0.0262476,0.158838,-0.0262476
0.54,0.166843,-0.0317198,0.166843,-0.0317198,0.166843,-0.0317198
0.56,0.174624,-0.0369493,0.174624,-0.0369493,0.174624,-0.0369493
0.58,0.18215,-0.041918,0.18215,-0.041918,0.18215,-0.041918
0.6,0.189393,-0.0466094,0.189393,-0.0466094,0.189393,-0.0466094
0.62,0.196325,-0.0510093,0.196325,-0.0510093,0.196325,-0.0510093
0.64,0.202922,-0.0551054,0.202922,-0.0551053,0.202922,-0.0551053
0.66,0.209162,-0.0588869,0.209162,-0.0588869,0.209162,-0.0588869
0.68,0.215025,-0.0623455,0.215025,-0.0623455,0.215025,-0.0623455
0.7,0.220491,-0.0654743,0.220491,-0.0654743,0.220491,-0.0654743
0.72,0.225545,-0.0682683,0.225545,-0.0682683,0.225545,-0.0682683
0.74,0.230173,-0.0707243,0.230173,-0.0707243,0.230173,-0.0707243
0.76,0.234364,-0.0728408,0.234364,-0.0728408,0.234364,-0.0728408
0.78,0.238108,-0.0746178,0.238107,-0.0746178,0.238107,-0.0746178
0.8,0.241396,-0.076057,0.241396,-0.076057,0.241396,-0.076057
0.82,0.244225,-0.0771617,0.244225,-0.0771617,0.244225,-0.0771617
0.84,0.24659,-0.0779363,0.24659,-0.0779363,0.24659,-0.0779363
0.86,0.24849,-0.0783867,0.24849,-0.0783867,0.24849,-0.0783867
0.88,0.249926,-0.0785202,0.249926,-0.0785202,0.249926,-0.0785202
0.9,0.2509,-0.0783452,0.2509,-0.0783452,0.2509,-0.0783452
0.92,0.251417,-0.0778711,0.251417,-0.0778711,0.251417,-0.0778711
0.94,0.251482,-0.0771084,0.251482,-0.0771084,0.251482,-0.0771084
0.96,0.251102,-0.0760685,0.251102,-0.0760685,0.251102,-0.0760685
0.98,0.250288,-0.0747638,0.250288,-0.0747638,0.250288,-0.0747638
1,0.249049,-0.0732072,0.249049,-0.0732072,0.249049,-0.0732072
1.02,0.247398,-0.0714126,0.247398,-0.0714126,0.247398,-0.0714126
1.04,0.245347,-0.0693941,0.245347,-0.0693941,0.245347,-0.0693941
1.06,0.242912,-0.0671667,0.242912,-0.0671666,0.242912,-0.0671666
1.08,0.240108,-0.0647454,0.240108,-0.0647454,0.240108,-0.0647454
1.1,0.236951,-0.062146,0.236951,-0.062146,0.236951,-0.062146
1.12,0.233459,-0.0593841,0.233459,-0.0593841,0.233459,-0.0593841
1.14,0.22965,-0.0564759,0.229649,-0.0564759,0.229649,-0.0564759
1.16,0.225542,-0.0534374,0.225542,-0.0534373,0.225542,-0.0534373
1.18,0.221156,-0.0502847,0.221156,-0.0502846,0.221156,-0.0502846
1.2,0.216511,-0.0470339,0.216511,-0.0470338,0.216511,-0.0470338
1.22,0.211628,-0.0437009,0.211628,-0.0437009,0.211628,-0.0437009
1.24,0.206527,-0.0403017,0.206527,-0.0403016,0.206527,-0.0403016
1.26,0.201229,-0.0368516,0.201229,-0.0368516,0.201229,-0.0368516
1.28,0.195755,-0.033366,0.195755,-0.0333659,0.195755,-0.0333659
1.3,0.190126,-0.0298597,0.190126,-0.0298596,0.190126,-0.0298597
1.32,0.184364,-0.0263472,0.184363,-0.0263472,0.184363,-0.0263472
1.34,0.178488,-0.0228426,0.178487,-0.0228426,0.178487,-0.0228426
1.36,0.172519,-0.0193594,0.172519,-0.0193593,0.172519,-0.0193593
1.38,0.166478,-0.0159105,0.166478,-0.0159105,0.166478,-0.0159105
1.4,0.160384,-0.0125084,0.160384,-0.0125084,0.160384,-0.0125084
1.42,0.154257,-0.00916491,0.154257,-0.00916488,0.154257,-0.00916488
1.44,0.148116,-0.00589118,0.148116,-0.00589115,0.148116,-0.00589115
1.46,0.141979,-0.00269772,0.141979,-0.00269769,0.141979,-0.00269769
1.48,0.135864,0.000405645,0.135864,0.000405671,0.135864,0.00040567
1.5,0.129788,0.0034098,0.129788,0.00340982,0.129788,0.00340982
1.52,0.123768,0.00630633,0.123768,0.00630635,0.123768,0.00630635
1.54,0.117818,0.00908756,0.117818,0.00908758,0.117818,0.00908758
1.56,0.111955,0.0117465,0.111954,0.0117466,0.111954,0.0117466
1.58,0.106191,0.014277,0.106191,0.0142771,0.106191,0.0142771
1.6,0.10054,0.0166736,0.10054,0.0166736,0.10054,0.0166736
1.62,0.0950148,0.0189315,0.0950147,0.0189315,0.0950147,0.0189315
1.64,0.0896263,0.0210467,0.0896262,0.0210467,0.0896262,0.0210467
1.66,0.084385,0.0230159,0.0843849,0.0230159,0.0843849,0.0230159
1.68,0.0793006,0.0248365,0.0793005,0.0248365,0.0793005,0.0248365
1.7,0.0743818,0.0265067,0.0743817,0.0265067,0.0743817,0.0265067
1.72,0.0696363,0.0280251,0.0696362,0.0280251,0.0696362,0.0280251
1.74,0.0650709,0.0293913,0.0650708,0.0293913,0.0650708,0.0293913
1.76,0.0606916,0.0306052,0.0606915,0.0306052,0.0606915,0.0306052
1.78,0.0565034,0.0316677,0.0565033,0.0316677,0.0565033,0.0316677
1.8,0.0525104,0.0325799,0.0525103,0.0325799,0.0525103,0.0325799
1.82,0.0487158,0.0333438,0.0487158,0.0333438,0.0487158,0.0333438
1.84,0.0451221,0.0339616,0.0451221,0.0339616,0.0451221,0.0339616
1.86,0.0417308,0.0344363,0.0417308,0.0344363,0.0417308,0.0344363
1.88,0.0385427,0.0347712,0.0385427,0.0347712,0.0385427,0.0347712
1.9,0.0355577,0.0349701,0.0355577,0.0349701,0.0355577,0.0349701
1.92,0.032775,0.0350372,0.032775,0.0350372,0.032775,0.0350372
1.94,0.0301932,0.0349772,0.0301931,0.0349772,0.0301931,0.0349772
1.96,0.0278099,0.0347949,0.0278099,0.0347949,0.0278099,0.0347949
1.98,0.0256224,0.0344957,0.0256223,0.0344957,0.0256223,0.0344957
2,0.0236271,0.0340851,0.0236271,0.034085,0.0236271,0.034085
2.02,0.02182,0.0335688,0.02182,0.0335687,0.02182,0.0335687
2.04,0.0201964,0.0329528,0.0201964,0.0329528,0.0201964,0.0329528
2.06,0.0187513,0.0322435,0.0187513,0.0322434,0.0187513,0.0322434
2.08,0.0174791,0.031447,0.0174791,0.031447,0.0174791,0.031447
2.1,0.0163737,0.0305699,0.0163737,0.0305699,0.0163737,0.0305699
2.12,0.0154287,0.0296187,0.0154288,0.0296187,0.0154288,0.0296187
2.14,0.0146375,0.0286,0.0146375,0.0286,0.0146375,0.0286
2.16,0.0139929,0.0275205,0.0139929,0.0275205,0.0139929,0.0275205
2.18,0.0134876,0.0263869,0.0134876,0.0263868,0.0134876,0.0263868
2.2,0.013114,0.0252056,0.0131141,0.0252056,0.0131141,0.0252056
2.22,0.0128646,0.0239833,0.0128646,0.0239833,0.0128646,0.0239833
2.24,0.0127313,0.0227265,0.0127313,0.0227264,0.0127313,0.0227264
2.26,0.0127062,0.0214414,0.0127062,0.0214414,0.0127062,0.0214414
2.28,0.0127812,0.0201345,0.0127813,0.0201345,0.0127813,0.0201345
2.3,0.0129483,0.0188118,0.0129483,0.0188118,0.0129483,0.0188118
2.32,0.0131993,0.0174793,0.0131994,0.0174792,0.0131994,0.0174792
2.34,0.0135262,0.0161426,0.0135262,0.0161426,0.0135262,0.0161426
2.36,0.013921,0.0148074,0.013921,0.0148073,0.013921,0.0148073
2.38,0.0143756,0.0134789,0.0143757,0.0134789,0.0143757,0.0134789
2.4,0.0148825,0.0121624,0.0148825,0.0121624,0.0148825,0.0121624
2.42,0.0154338,0.0108627,0.0154339,0.0108626,0.0154339,0.0108626
2.44,0.0160222,0.0095843,0.0160222,0.00958427,0.0160222,0.00958427
2.46,0.0166404,0.00833165,0.0166404,0.00833163,0.0166404,0.00833163
2.48,0.0172812,0.00710881,0.0172812,0.00710879,0.0172812,0.00710879
2.5,0.017938,0.00591957,0.017938,0.00591955,0.017938,0.00591955
2.52,0.0186041,0.00476743,0.0186041,0.00476741,0.0186041,0.00476741
2.54,0.0192732,0.00365562,0.0192732,0.0036556,0.0192732,0.0036556
2.56,0.0199394,0.00258708,0.0199395,0.00258706,0.0199395,0.00258706
2.58,0.0205971,0.00156443,0.0205971,0.00156441,0.0205971,0.00156441
2.6,0.0212407,0.000590036,0.0212407,0.00059002,0.0212407,0.000590019
2.62,0.0218654,-0.000334054,0.0218654,-0.000334069,0.0218654,-0.00033407
2.64,0.0224663,-0.00120607,0.0224663,-0.00120609,0.0224663,-0.00120609
2.66,0.0230391,-0.00202453,0.0230391,-0.00202455,0.0230391,-0.00202455
2.68,0.0235798,-0.00278824,0.0235798,-0.00278825,0.0235798,-0.00278825
2.7,0.0240847,-0.00349625,0.0240848,-0.00349627,0.0240848,-0.00349627
2.72,0.0245506,-0.00414793,0.0245506,-0.00414794,0.0245506,-0.00414794
2.74,0.0249743,-0.00474286,0.0249743,-0.00474287,0.0249743,-0.00474287
2.76,0.0253533,-0.0052809,0.0253533,-0.00528091,0.0253533,-0.00528091
2.78,0.0256853,-0.00576216,0.0256853,-0.00576217,0.0256853,-0.00576217
2.8,0.0259683,-0.00618697,0.0259684,-0.00618697,0.0259684,-0.00618698
2.82,0.0262008,-0.00655588,0.0262009,-0.00655588,0.0262009,-0.00655588
2.84,0.0263815,-0.00686966,0.0263815,-0.00686966,0.0263815,-0.00686966
2.86,0.0265093,-0.00712929,0.0265094,-0.00712929,0.0265094,-0.00712929
2.88,0.0265837,-0.00733593,0.0265838,-0.00733593,0.0265838,-0.00733593
2.9,0.0266043,-0.00749092,0.0266044,-0.00749093,0.0266044,-0.00749093
2.92,0.0265711,-0.00759577,0.0265711,-0.00759578,0.0265711,-0.00759578
2.94,0.0264842,-0.00765214,0.0264842,-0.00765214,0.0264842,-0.00765215
2.96,0.0263442,-0.00766183,0.0263442,-0.00766183,0.0263442,-0.00766183
2.98,0.0261517,-0.00762677,0.0261517,-0.00762677,0.0261517,-0.00762677
3,0.0259078,-0.007549,0.0259079,-0.007549,0.0259079,-0.007549
3.02,0.0256138,-0.00743066,0.0256138,-0.00743066,0.0256138,-0.00743066
3.04,0.0252709,-0.00727399,0.0252709,-0.00727399,0.0252709,-0.00727399
3.06,0.0248809,-0.00708129,0.0248809,-0.00708129,0.0248809,-0.00708129
3.08,0.0244455,-0.00685495,0.0244455,-0.00685495,0.0244455,-0.00685495
3.1,0.0239667,-0.00659738,0.0239667,-0.00659737,0.0239667,-0.00659737
3.12,0.0234466,-0.00631104,0.0234466,-0.00631104,0.0234466,-0.00631104
3.14,0.0228875,-0.00599843,0.0228875,-0.00599842,0.0228875,-0.00599843
3.16,0.0222918,-0.00566205,0.0222918,-0.00566204,0.0222918,-0.00566204
3.18,0.0216618,-0.00530441,0.0216618,-0.0053044,0.0216618,-0.0053044
3.2,0.0210003,-0.004928,0.0210003,-0.004928,0.0210003,-0.004928
3.22,0.0203098,-0.00453533,0.0203098,-0.00453532,0.0203098,-0.00453532
3.24,0.0195931,-0.00412884,0.0195931,-0.00412884,0.0195931,-0.00412884
3.26,0.0188529,-0.00371097,0.0188529,-0.00371096,0.0188529,-0.00371096
3.28,0.018092,-0.00328408,0.018092,-0.00328408,0.018092,-0.00328408
3.3,0.0173132,-0.00285051,0.0173132,-0.0028505,0.0173132,-0.0028505
3.32,0.0165193,-0.00241252,0.0165193,-0.00241251,0.0165193,-0.00241251
3.34,0.0157131,-0.0019723,0.0157131,-0.00197229,0.0157131,-0.00197229
3.36,0.0148973,-0.00153198,0.0148973,-0.00153197,0.0148973,-0.00153197
3.38,0.0140748,-0.00109359,0.0140748,-0.00109358,0.0140748,-0.00109358
3.4,0.0132483,-0.000659088,0.0132483,-0.00065908,0.0132483,-0.000659081
3.42,0.0124203,-0.000230336,0.0124203,-0.000230329,0.0124203,-0.000230329
3.44,0.0115935,0.000190901,0.0115935,0.000190908,0.0115935,0.000190908
3.46,0.0107703,0.00060296,0.0107703,0.000602967,0.0107703,0.000602966
3.48,0.00995331,0.00100428,0.00995331,0.00100428,0.00995331,0.00100428
3.5,0.00914476,0.0013934,0.00914476,0.00139341,0.00914476,0.00139341
3.52,0.00834693,0.00176898,0.00834692,0.00176899,0.00834693,0.00176899
3.54,0.00756195,0.00212978,0.00756195,0.00212978,0.00756195,0.00212978
3.56,0.00679186,0.00247467,0.00679186,0.00247468,0.00679186,0.00247468
3.58,0.0060386,0.00280264,0.0060386,0.00280265,0.0060386,0.00280265
3.6,0.00530396,0.00311278,0.00530396,0.00311279,0.00530396,0.00311279
3.62,0.00458962,0.00340431,0.00458962,0.00340432,0.00458962,0.00340432
3.64,0.00389715,0.00367654,0.00389715,0.00367654,0.00389715,0.00367654
3.66,0.00322797,0.0039289,0.00322797,0.0039289,0.00322798,0.0039289
3.68,0.00258339,0.00416092,0.00258339,0.00416092,0.00258339,0.00416092
3.7,0.00196457,0.00437224,0.00196457,0.00437225,0.00196458,0.00437225
3.72,0.00137256,0.00456262,0.00137256,0.00456262,0.00137256,0.00456262
3.74,0.000808252,0.00473189,0.000808255,0.00473189,0.000808256,0.00473189
3.76,0.000272433,0.00487999,0.000272437,0.00487999,0.000272438,0.00487999
3.78,-0.000234253,0.00500696,-0.000234248,0.00500696,-0.000234247,0.00500696
3.8,-0.000711287,0.00511293,-0.000711281,0.00511293,-0.00071128,0.00511293
3.82,-0.00115828,0.0051981,-0.00115827,0.0051981,-0.00115827,0.0051981
3.84,-0.00157495,0.00526278,-0.00157495,0.00526277,-0.00157494,0.00526278
3.86,-0.00196117,0.00530732,-0.00196116,0.00530732,-0.00196116,0.00530732
3.88,-0.00231689,0.00533218,-0.00231688,0.00533218,-0.00231688,0.00533218
3.9,-0.0026422,0.00533787,-0.00264219,0.00533786,-0.00264219,0.00533786
3.92,-0.00293729,0.00532496,-0.00293728,0.00532496,-0.00293728,0.00532496
3.94,-0.00320245,0.0052941,-0.00320244,0.0052941,-0.00320244,0.0052941
3.96,-0.00343809,0.00524597,-0.00343808,0.00524597,-0.00343808,0.00524597
3.98,-0.00364469,0.00518131,-0.00364468,0.00518131,-0.00364467,0.00518131
4,-0.00382283,0.00510091,-0.00382282,0.00510091,-0.00382282,0.00510091
4.02,-0.00397318,0.00500559,-0.00397317,0.00500559,-0.00397317,0.00500559
4.04,-0.00409648,0.00489621,-0.00409647,0.00489621,-0.00409647,0.00489621
4.06,-0.00419356,0.00477366,-0.00419354,0.00477365,-0.00419354,0.00477365
4.08,-0.00426529,0.00463884,-0.00426527,0.00463883,-0.00426527,0.00463883
4.1,-0.00431262,0.00449269,-0.00431261,0.00449268,-0.00431261,0.00449268
4.12,-0.00433656,0.00433615,-0.00433654,0.00433615,-0.00433654,0.00433615
4.14,-0.00433815,0.00417019,-0.00433814,0.00417018,-0.00433814,0.00417018
4.16,-0.0043185,0.00399576,-0.00431848,0.00399576,-0.00431848,0.00399576
4.18,-0.00427873,0.00381383,-0.00427872,0.00381383,-0.00427872,0.00381383
4.2,-0.00422002,0.00362537,-0.00422,0.00362536,-0.00422,0.00362536
4.22,-0.00414355,0.00343132,-0.00414353,0.00343132,-0.00414353,0.00343132
4.24,-0.00405053,0.00323264,-0.00405051,0.00323263,-0.00405051,0.00323263
4.26,-0.0039422,0.00303025,-0.00394218,0.00303025,-0.00394218,0.00303025
4.28,-0.00381979,0.00282508,-0.00381977,0.00282507,-0.00381977,0.00282507
4.3,-0.00368454,0.00261801,-0.00368452,0.002618,-0.00368452,0.00261801
4.32,-0.0035377,0.00240992,-0.00353768,0.00240991,-0.00353768,0.00240991
4.34,-0.00338049,0.00220165,-0.00338047,0.00220164,-0.00338047,0.00220164
4.36,-0.00321414,0.00199401,-0.00321412,0.001994,-0.00321412,0.001994
4.38,-0.00303986,0.00178779,-0.00303985,0.00178779,-0.00303985,0.00178779
4.4,-0.00285885,0.00158375,-0.00285883,0.00158374,-0.00285883,0.00158374
4.42,-0.00267226,0.00138259,-0.00267224,0.00138258,-0.00267224,0.00138258
4.44,-0.00248124,0.00118499,-0.00248122,0.00118499,-0.00248122,0.00118499
4.46,-0.00228689,0.000991597,-0.00228688,0.000991591,-0.00228687,0.000991591
4.48,-0.0020903,0.000803003,-0.00209028,0.000802998,-0.00209028,0.000802998
4.5,-0.00189249,0.00061977,-0.00189248,0.000619765,-0.00189247,0.000619765
4.52,-0.00169447,0.000442413,-0.00169446,0.000442408,-0.00169446,0.000442408
4.54,-0.0014972,0.000271405,-0.00149718,0.0002714,-0.00149718,0.0002714
4.56,-0.00130158,0.000107178,-0.00130156,0.000107173,-0.00130156,0.000107174
4.58,-0.00110847,-4.9881e-05,-0.00110846,-4.98852e-05,-0.00110846,-4.9885e-05
4.6,-0.000918706,-0.000199427,-0.000918691,-0.000199431,-0.000918691,-0.000199431
4.62,-0.000733042,-0.00034116,-0.000733027,-0.000341163,-0.000733027,-0.000341163
4.64,-0.000552197,-0.00047482,-0.000552182,-0.000474823,-0.000552182,-0.000474823
4.66,-0.000376834,-0.000600192,-0.00037682,-0.000600195,-0.00037682,-0.000600195
4.68,-0.000207566,-0.000717101,-0.000207552,-0.000717104,-0.000207552,-0.000717104
4.7,-4.49515e-05,-0.000825414,-4.49379e-05,-0.000825417,-4.49375e-05,-0.000825417
4.72,0.000110504,-0.000925037,0.000110518,-0.000925039,0.000110518,-0.000925039
4.74,0.000258349,-0.00101592,0.000258362,-0.00101592,0.000258363,-0.00101592
4.76,0.000398184,-0.00109803,0.000398196,-0.00109804,0.000398196,-0.00109804
4.78,0.000529661,-0.00117141,0.000529673,-0.00117141,0.000529673,-0.00117141
4.8,0.000652485,-0.0012361,0.000652497,-0.0012361,0.000652497,-0.0012361
4.82,0.000766414,-0.00129219,0.000766425,-0.00129219,0.000766425,-0.00129219
4.84,0.000871252,-0.0013398,0.000871262,-0.0013398,0.000871263,-0.0013398
4.86,0.000966855,-0.00137908,0.000966865,-0.00137908,0.000966865,-0.00137908
4.88,0.00105312,-0.0014102,0.00105313,-0.0014102,0.00105313,-0.00141021
4.9,0.00113001,-0.00143339,0.00113002,-0.00143339,0.00113002,-0.00143339
4.92,0.0011975,-0.00144886,0.00119751,-0.00144886,0.00119751,-0.00144886
4.94,0.00125564,-0.00145686,0.00125565,-0.00145686,0.00125565,-0.00145686
4.96,0.0013045,-0.00145768,0.00130451,-0.00145768,0.00130451,-0.00145768
4.98,0.0013442,-0.0014516,0.0013442,-0.0014516,0.0013442,-0.0014516
5,0.00137488,-0.00143894,0.00137489,-0.00143894,0.00137489,-0.00143894
5.02,0.00139674,-0.00142002,0.00139674,-0.00142001,0.00139674,-0.00142001
5.04,0.00140999,-0.00139518,0.00140999,-0.00139517,0.00140999,-0.00139517
5.06,0.00141488,-0.00136477,0.00141489,-0.00136477,0.00141489,-0.00136477
5.08,0.0014117,-0.00132915,0.0014117,-0.00132915,0.0014117,-0.00132915
5.1,0.00140074,-0.0012887,0.00140075,-0.00128869,0.00140075,-0.00128869
5.12,0.00138233,-0.00124377,0.00138234,-0.00124377,0.00138234,-0.00124377
5.14,0.00135683,-0.00119477,0.00135683,-0.00119476,0.00135683,-0.00119476
5.16,0.00132458,-0.00114205,0.00132459,-0.00114205,0.00132459,-0.00114205
5.18,0.00128599,-0.00108601,0.001286,-0.00108601,0.001286,-0.00108601
5.2,0.00124145,-0.00102702,0.00124145,-0.00102702,0.00124145,-0.00102702
5.22,0.00119135,-0.000965472,0.00119136,-0.00096547,0.00119136,-0.00096547
5.24,0.00113614,-0.000901728,0.00113614,-0.000901725,0.00113614,-0.000901725
5.26,0.00107622,-0.00083616,0.00107622,-0.000836157,0.00107622,-0.000836157
5.28,0.00101203,-0.000769131,0.00101204,-0.000769128,0.00101204,-0.000769128
5.3,0.000944012,-0.000700995,0.000944015,-0.000700992,0.000944015,-0.000700993
5.32,0.000872592,-0.000632098,0.000872595,-0.000632095,0.000872595,-0.000632095
5.34,0.000798209,-0.000562773,0.000798211,-0.000562771,0.000798211,-0.000562771
5.36,0.000721293,-0.000493346,0.000721295,-0.000493344,0.000721295,-0.000493344
5.38,0.000642273,-0.000424128,0.000642275,-0.000424125,0.000642275,-0.000424126
5.4,0.000561572,-0.000355417,0.000561573,-0.000355415,0.000561574,-0.000355415
5.42,0.000479602,-0.000287499,0.000479603,-0.000287496,0.000479604,-0.000287496
5.44,0.000396769,-0.000220643,0.00039677,-0.000220641,0.00039677,-0.000220641
5.46,0.000313467,-0.000155106,0.000313468,-0.000155104,0.000313468,-0.000155104
5.48,0.000230078,-9.11271e-05,0.000230079,-9.11248e-05,0.000230079,-9.11248e-05
5.5,0.000146972,-2.89303e-05,0.000146973,-2.89281e-05,0.000146973,-2.89281e-05
5.52,6.45029e-05,3.12765e-05,6.45041e-05,3.12787e-05,6.45041e-05,3.12787e-05
5.54,-1.6989e-05,8.93022e-05,-1.69877e-05,8.93043e-05,-1.69878e-05,8.93043e-05
5.56,-9.71803e-05,0.000144972,-9.7179e-05,0.000144974,-9.71791e-05,0.000144974
5.58,-0.000175765,0.000198129,-0.000175763,0.000198131,-0.000175763,0.000198131
5.6,-0.000252453,0.000248632,-0.000252452,0.000248634,-0.000252452,0.000248634
5.62,-0.000326975,0.000296357,-0.000326974,0.000296358,-0.000326974,0.000296358
5.64,-0.000399078,0.000341196,-0.000399077,0.000341198,-0.000399077,0.000341198
5.66,-0.000468531,0.000383059,-0.000468529,0.00038306,-0.00046853,0.000383061
5.68,-0.000535119,0.000421871,-0.000535118,0.000421873,-0.000535118,0.000421873
5.7,-0.000598649,0.000457574,-0.000598648,0.000457575,-0.000598648,0.000457575
5.72,-0.000658948,0.000490125,-0.000658947,0.000490126,-0.000658947,0.000490126
5.74,-0.000715861,0.000519495,-0.00071586,0.000519496,-0.00071586,0.000519496
5.76,-0.000769255,0.000545672,-0.000769253,0.000545672,-0.000769253,0.000545673
5.78,-0.000819013,0.000568656,-0.000819012,0.000568657,-0.000819012,0.000568657
5.8,-0.000865042,0.000588464,-0.00086504,0.000588464,-0.000865041,0.000588464
5.82,-0.000907265,0.000605122,-0.000907263,0.000605122,-0.000907263,0.000605122
5.84,-0.000945624,0.000618671,-0.000945622,0.000618671,-0.000945622,0.000618671
5.86,-0.00098008,0.000629163,-0.000980078,0.000629164,-0.000980079,0.000629164
5.88,-0.00101061,0.000636663,-0.00101061,0.000636663,-0.00101061,0.000636663
5.9,-0.00103722,0.000641243,-0.00103721,0.000641243,-0.00103721,0.000641243
5.92,-0.0010599,0.000642988,-0.0010599,0.000642988,-0.0010599,0.000642988
5.94,-0.0010787,0.00064199,-0.0010787,0.00064199,-0.0010787,0.000641991
5.96,-0.00109366,0.000638351,-0.00109366,0.000638351,-0.00109366,0.000638352
5.98,-0.00110483,0.00063218,-0.00110483,0.00063218,-0.00110483,0.00063218
6,-0.00111229,0.000623591,-0.00111229,0.000623591,-0.00111229,0.000623591
6.02,-0.00111612,0.000612707,-0.00111612,0.000612707,-0.00111612,0.000612707
6.04,-0.00111642,0.000599655,-0.00111641,0.000599654,-0.00111641,0.000599654
6.06,-0.00111329,0.000584565,-0.00111329,0.000584565,-0.00111329,0.000584565
6.08,-0.00110686,0.000567574,-0.00110686,0.000567574,-0.00110686,0.000567574
6.1,-0.00109726,0.000548821,-0.00109726,0.00054882,-0.00109726,0.00054882
6.12,-0.00108462,0.000528446,-0.00108462,0.000528445,-0.00108462,0.000528445
6.14,-0.00106908,0.000506591,-0.00106908,0.000506591,-0.00106908,0.000506591
6.16,-0.00105081,0.000483402,-0.0010508,0.000483401,-0.0010508,0.000483401
6.18,-0.00102995,0.000459022,-0.00102995,0.000459021,-0.00102995,0.000459021
6.2,-0.00100667,0.000433595,-0.00100667,0.000433595,-0.00100667,0.000433595
6.22,-0.000981137,0.000407265,-0.000981134,0.000407265,-0.000981134,0.000407265
6.24,-0.000953523,0.000380174,-0.000953519,0.000380173,-0.00095352,0.000380173
6.26,-0.000924,0.000352461,-0.000923996,0.000352461,-0.000923997,0.000352461
6.28,-0.000892743,0.000324265,-0.00089274,0.000324264,-0.00089274,0.000324264
6.3,-0.000859928,0.000295719,-0.000859925,0.000295718,-0.000859925,0.000295718
6.32,-0.000825732,0.000266955,-0.000825729,0.000266954,-0.000825729,0.000266954
6.34,-0.000790331,0.0002381,-0.000790327,0.000238099,-0.000790328,0.0002381
6.36,-0.000753897,0.000209278,-0.000753894,0.000209277,-0.000753895,0.000209277
6.38,-0.000716605,0.000180606,-0.000716602,0.000180606,-0.000716603,0.000180606
6.4,-0.000678624,0.000152199,-0.000678621,0.000152198,-0.000678622,0.000152199
6.42,-0.000640121,0.000124165,-0.000640118,0.000124164,-0.000640118,0.000124164
6.44,-0.000601258,9.66059e-05,-0.000601255,9.66052e-05,-0.000601256,9.66052e-05
6.46,-0.000562195,6.96197e-05,-0.000562192,6.96189e-05,-0.000562192,6.9619e-05
6.48,-0.000523084,4.32973e-05,-0.000523081,4.32966e-05,-0.000523081,4.32966e-05
6.5,-0.000484074,1.77237e-05,-0.000484071,1.77231e-05,-0.000484072,1.77231e-05
6.52,-0.000445308,-7.02205e-06,-0.000445306,-7.02269e-06,-0.000445306,-7.02268e-06
6.54,-0.000406923,-3.08676e-05,-0.000406921,-3.08682e-05,-0.000406921,-3.08682e-05
6.56,-0.000369049,-5.37468e-05,-0.000369046,-5.37474e-05,-0.000369047,-5.37474e-05
6.58,-0.000331809,-7.56e-05,-0.000331806,-7.56006e-05,-0.000331806,-7.56006e-05
6.6,-0.000295319,-9.63741e-05,-0.000295317,-9.63746e-05,-0.000295317,-9.63746e-05
6.62,-0.000259689,-0.000116022,-0.000259687,-0.000116023,-0.000259687,-0.000116023
6.64,-0.00022502,-0.000134504,-0.000225018,-0.000134505,-0.000225018,-0.000134505
6.66,-0.000191407,-0.000151786,-0.000191404,-0.000151786,-0.000191405,-0.000151786
6.68,-0.000158935,-0.00016784,-0.000158933,-0.00016784,-0.000158933,-0.00016784
6.7,-0.000127684,-0.000182644,-0.000127682,-0.000182644,-0.000127682,-0.000182644
6.72,-9.77235e-05,-0.000196183,-9.77214e-05,-0.000196183,-9.77215e-05,-0.000196183
6.74,-6.91174e-05,-0.000208447,-6.91154e-05,-0.000208448,-6.91155e-05,-0.000208448
6.76,-4.19206e-05,-0.000219433,-4.19186e-05,-0.000219433,-4.19187e-05,-0.000219433
6.78,-1.61804e-05,-0.000229141,-1.61785e-05,-0.000229141,-1.61786e-05,-0.000229141
6.8,8.06339e-06,-0.000237578,8.06516e-06,-0.000237578,8.06511e-06,-0.000237578
6.82,3.07786e-05,-0.000244757,3.07802e-05,-0.000244757,3.07802e-05,-0.000244757
6.84,5.19403e-05,-0.000250693,5.19419e-05,-0.000250693,5.19419e-05,-0.000250693
6.86,7.1531e-05,-0.000255408,7.15326e-05,-0.000255408,7.15325e-05,-0.000255408
6.88,8.95402e-05,-0.000258927,8.95416e-05,-0.000258927,8.95416e-05,-0.000258927
6.9,0.000105964,-0.00026128,0.000105965,-0.00026128,0.000105965,-0.00026128
6.92,0.000120805,-0.0002625,0.000120807,-0.0002625,0.000120807,-0.0002625
6.94,0.000134073,-0.000262624,0.000134075,-0.000262624,0.000134075,-0.000262624
6.96,0.000145783,-0.000261692,0.000145785,-0.000261692,0.000145785,-0.000261692
6.98,0.000155956,-0.000259747,0.000155957,-0.000259747,0.000155958,-0.000259747
7,0.000164619,-0.000256835,0.00016462,-0.000256835,0.00016462,-0.000256835
7.02,0.000171802,-0.000253003,0.000171803,-0.000253002,0.000171803,-0.000253002
7.04,0.000177542,-0.000248301,0.000177543,-0.000248301,0.000177543,-0.000248301
7.06,0.000181881,-0.000242781,0.000181882,-0.000242781,0.000181882,-0.000242781
7.08,0.000184864,-0.000236497,0.000184864,-0.000236497,0.000184864,-0.000236497
7.1,0.000186538,-0.000229503,0.000186539,-0.000229502,0.000186539,-0.000229502
7.12,0.000186957,-0.000221854,0.000186958,-0.000221853,0.000186958,-0.000221854
7.14,0.000186177,-0.000213606,0.000186177,-0.000213606,0.000186177,-0.000213606
7.16,0.000184255,-0.000204817,0.000184255,-0.000204817,0.000184255,-0.000204817
7.18,0.000181252,-0.000195542,0.000181252,-0.000195542,0.000181252,-0.000195542
7.2,0.00017723,-0.000185839,0.000177231,-0.000185838,0.000177231,-0.000185838
7.22,0.000172256,-0.000175763,0.000172256,-0.000175762,0.000172256,-0.000175762
7.24,0.000166394,-0.00016537,0.000166394,-0.00016537,0.000166394,-0.00016537
7.26,0.000159711,-0.000154716,0.000159711,-0.000154715,0.000159711,-0.000154715
7.28,0.000152275,-0.000143854,0.000152276,-0.000143853,0.000152276,-0.000143853
7.3,0.000144156,-0.000132837,0.000144156,-0.000132837,0.000144156,-0.000132837
7.32,0.00013542,-0.000121717,0.00013542,-0.000121717,0.00013542,-0.000121717
7.34,0.000126136,-0.000110544,0.000126136,-0.000110544,0.000126136,-0.000110544
7.36,0.000116372,-9.93665e-05,0.000116372,-9.9366e-05,0.000116372,-9.93661e-05
7.38,0.000106195,-8.82309e-05,0.000106196,-8.82304e-05,0.000106196,-8.82305e-05
7.4,9.56724e-05,-7.7182e-05,9.56725e-05,-7.71815e-05,9.56725e-05,-7.71816e-05
7.42,8.48678e-05,-6.62625e-05,8.48679e-05,-6.62621e-05,8.48679e-05,-6.62621e-05
7.44,7.38453e-05,-5.5513e-05,7.38455e-05,-5.55126e-05,7.38455e-05,-5.55126e-05
7.46,6.2667e-05,-4.49718e-05,6.26671e-05,-4.49714e-05,6.26671e-05,-4.49714e-05
7.48,5.1393e-05,-3.4675e-05,5.13932e-05,-3.46746e-05,5.13932e-05,-3.46746e-05
7.5,4.00816e-05,-2.46562e-05,4.00817e-05,-2.46558e-05,4.00817e-05,-2.46558e-05
7.52,2.87887e-05,-1.49466e-05,2.87888e-05,-1.49462e-05,2.87888e-05,-1.49462e-05
7.54,1.75681e-05,-5.57495e-06,1.75682e-05,-5.57459e-06,1.75682e-05,-5.57461e-06
7.56,6.47094e-06,3.43238e-06,6.47103e-06,3.43272e-06,6.47101e-06,3.43271e-06
7.58,-4.45408e-06,1.20517e-05,-4.45398e-06,1.2052e-05,-4.45401e-06,1.2052e-05
7.6,-1.5161e-05,2.02617e-05,-1.51609e-05,2.0262e-05,-1.51609e-05,2.0262e-05
7.62,-2.56066e-05,2.80437e-05,-2.56065e-05,2.8044e-05,-2.56065e-05,2.8044e-05
7.64,-3.57506e-05,3.53815e-05,-3.57505e-05,3.53817e-05,-3.57505e-05,3.53817e-05
7.66,-4.55555e-05,4.22612e-05,-4.55554e-05,4.22615e-05,-4.55554e-05,4.22615e-05
7.68,-5.49869e-05,4.86716e-05,-5.49868e-05,4.86719e-05,-5.49869e-05,4.86719e-05
7.7,-6.40134e-05,5.46038e-05,-6.40132e-05,5.4604e-05,-6.40133e-05,5.4604e-05
7.72,-7.26064e-05,6.00511e-05,-7.26063e-05,6.00513e-05,-7.26063e-05,6.00513e-05
7.74,-8.07406e-05,6.50092e-05,-8.07405e-05,6.50094e-05,-8.07405e-05,6.50094e-05
7.76,-8.83935e-05,6.94761e-05,-8.83934e-05,6.94763e-05,-8.83935e-05,6.94763e-05
7.78,-9.55458e-05,7.34518e-05,-9.55456e-05,7.34519e-05,-9.55457e-05,7.34519e-05
7.8,-0.000102181,7.69384e-05,-0.000102181,7.69385e-05,-0.000102181,7.69385e-05
7.82,-0.000108285,7.994e-05,-0.000108285,7.99401e-05,-0.000108285,7.99402e-05
7.84,-0.000113848,8.24626e-05,-0.000113848,8.24627e-05,-0.000113848,8.24628e-05
7.86,-0.000118862,8.4514e-05,-0.000118862,8.45141e-05,-0.000118862,8.45141e-05
7.88,-0.000123321,8.61036e-05,-0.000123321,8.61037e-05,-0.000123321,8.61037e-05
7.9,-0.000127223,8.72425e-05,-0.000127223,8.72425e-05,-0.000127223,8.72425e-05
7.92,-0.000130568,8.79431e-05,-0.000130568,8.79431e-05,-0.000130568,8.79431e-05
7.94,-0.000133359,8.82194e-05,-0.000133359,8.82194e-05,-0.000133359,8.82194e-05
7.96,-0.0001356,8.80866e-05,-0.0001356,8.80865e-05,-0.0001356,8.80866e-05
7.98,-0.000137298,8.75609e-05,-0.000137298,8.75608e-05,-0.000137298,8.75609e-05
8,-0.000138463,8.66597e-05,-0.000138463,8.66597e-05,-0.000138463,8.66597e-05
8.02,-0.000139106,8.54013e-05,-0.000139106,8.54013e-05,-0.000139106,8.54013e-05
8.04,-0.00013924,8.38049e-05,-0.00013924,8.38048e-05,-0.00013924,8.38048e-05
8.06,-0.00013888,8.18901e-05,-0.000138879,8.189e-05,-0.000138879,8.18901e-05
8.08,-0.000138041,7.96775e-05,-0.000138041,7.96774e-05,-0.000138041,7.96775e-05
8.1,-0.000136743,7.71879e-05,-0.000136743,7.71878e-05,-0.000136743,7.71879e-05
8.12,-0.000135004,7.44426e-05,-0.000135004,7.44425e-05,-0.000135004,7.44425e-05
8.14,-0.000132846,7.14631e-05,-0.000132846,7.1463e-05,-0.000132846,7.14631e-05
8.16,-0.000130289,6.82713e-05,-0.000130289,6.82712e-05,-0.000130289,6.82712e-05
8.18,-0.000127356,6.48888e-05,-0.000127356,6.48887e-05,-0.000127356,6.48887e-05
8.2,-0.000124071,6.13376e-05,-0.000124071,6.13374e-05,-0.000124071,6.13375e-05
8.22,-0.000120458,5.76392e-05,-0.000120458,5.76391e-05,-0.000120458,5.76391e-05
8.24,-0.000116542,5.38152e-05,-0.000116541,5.38151e-05,-0.000116541,5.38151e-05
8.26,-0.000112347,4.98868e-05,-0.000112346,4.98867e-05,-0.000112346,4.98868e-05
8.28,-0.000107899,4.58749e-05,-0.000107898,4.58748e-05,-0.000107899,4.58749e-05
8.3,-0.000103224,4.17999e-05,-0.000103223,4.17998e-05,-0.000103223,4.17999e-05
8.32,-9.83467e-05,3.76818e-05,-9.83464e-05,3.76817e-05,-9.83465e-05,3.76817e-05
8.34,-9.3294e-05,3.35398e-05,-9.32937e-05,3.35397e-05,-9.32938e-05,3.35397e-05
8.36,-8.80909e-05,2.93928e-05,-8.80906e-05,2.93927e-05,-8.80907e-05,2.93927e-05
8.38,-8.27626e-05,2.52588e-05,-8.27623e-05,2.52587e-05,-8.27624e-05,2.52587e-05
8.4,-7.73342e-05,2.11551e-05,-7.73339e-05,2.1155e-05,-7.7334e-05,2.1155e-05
8.42,-7.18301e-05,1.70982e-05,-7.18298e-05,1.70981e-05,-7.18299e-05,1.70982e-05
8.44,-6.62743e-05,1.3104e-05,-6.6274e-05,1.31039e-05,-6.62741e-05,1.31039e-05
8.46,-6.06901e-05,9.18719e-06,-6.06899e-05,9.1871e-06,-6.06899e-05,9.18711e-06
8.48,-5.51002e-05,5.36184e-06,-5.51e-05,5.36175e-06,-5.51001e-05,5.36177e-06
8.5,-4.95265e-05,1.64101e-06,-4.95263e-05,1.64093e-06,-4.95264e-05,1.64094e-06
8.52,-4.39902e-05,-1.96317e-06,-4.399e-05,-1.96324e-06,-4.399e-05,-1.96323e-06
8.54,-3.85113e-05,-5.43949e-06,-3.85111e-05,-5.43956e-06,-3.85111e-05,-5.43955e-06
8.56,-3.31091e-05,-8.77774e-06,-3.31089e-05,-8.7778e-06,-3.3109e-05,-8.77779e-06
8.58,-2.7802e-05,-1.19686e-05,-2.78018e-05,-1.19687e-05,-2.78019e-05,-1.19687e-05
8.6,-2.26071e-05,-1.50039e-05,-2.26069e-05,-1.5004e-05,-2.2607e-05,-1.50039e-05
8.62,-1.75407e-05,-1.78762e-05,-1.75405e-05,-1.78763e-05,-1.75406e-05,-1.78763e-05
8.64,-1.26178e-05,-2.05792e-05,-1.26176e-05,-2.05792e-05,-1.26177e-05,-2.05792e-05
8.66,-7.85236e-06,-2.31075e-05,-7.85224e-06,-2.31075e-05,-7.85228e-06,-2.31075e-05
8.68,-3.2573e-06,-2.54566e-05,-3.2572e-06,-2.54566e-05,-3.25724e-06,-2.54566e-05
8.7,1.15573e-06,-2.7623e-05,1.15582e-06,-2.7623e-05,1.15578e-06,-2.7623e-05
8.72,5.3762e-06,-2.96041e-05,5.37627e-06,-2.96041e-05,5.37624e-06,-2.96041e-05
8.74,9.39474e-06,-3.1398e-05,9.3948e-06,-3.1398e-05,9.39477e-06,-3.1398e-05
8.76,1.32031e-05,-3.30041e-05,1.32032e-05,-3.3004e-05,1.32031e-05,-3.30041e-05
8.78,1.67943e-05,-3.44221e-05,1.67943e-05,-3.4422e-05,1.67943e-05,-3.44221e-05
8.8,2.01623e-05,-3.56528e-05,2.01623e-05,-3.56528e-05,2.01623e-05,-3.56528e-05
8.82,2.33024e-05,-3.66978e-05,2.33024e-05,-3.66977e-05,2.33024e-05,-3.66977e-05
8.84,2.62108e-05,-3.75592e-05,2.62108e-05,-3.75591e-05,2.62108e-05,-3.75592e-05
8.86,2.88849e-05,-3.824e-05,2.88849e-05,-3.824e-05,2.88849e-05,-3.824e-05
8.88,3.13232e-05,-3.87439e-05,3.13231e-05,-3.87438e-05,3.13231e-05,-3.87439e-05
8.9,3.3525e-05,-3.9075e-05,3.35249e-05,-3.90749e-05,3.35249e-05,-3.90749e-05
8.92,3.54907e-05,-3.92381e-05,3.54907e-05,-3.9238e-05,3.54907e-05,-3.9238e-05
8.94,3.72218e-05,-3.92385e-05,3.72218e-05,-3.92384e-05,3.72218e-05,-3.92384e-05
8.96,3.87205e-05,-3.9082e-05,3.87204e-05,-3.90819e-05,3.87204e-05,-3.90819e-05
8.98,3.999e-05,-3.87749e-05,3.99898e-05,-3.87749e-05,3.99898e-05,-3.87749e-05
9,4.1034e-05,-3.83239e-05,4.10339e-05,-3.83239e-05,4.10339e-05,-3.83239e-05
9.02,4.18575e-05,-3.7736e-05,4.18574e-05,-3.77359e-05,4.18574e-05,-3.7736e-05
9.04,4.24659e-05,-3.70186e-05,4.24657e-05,-3.70185e-05,4.24657e-05,-3.70185e-05
9.06,4.28652e-05,-3.61792e-05,4.2865e-05,-3.61791e-05,4.2865e-05,-3.61791e-05
9.08,4.30621e-05,-3.52257e-05,4.3062e-05,-3.52256e-05,4.3062e-05,-3.52257e-05
9.1,4.30642e-05,-3.41663e-05,4.3064e-05,-3.41662e-05,4.3064e-05,-3.41662e-05
9.12,4.28791e-05,-3.3009e-05,4.28789e-05,-3.30089e-05,4.28789e-05,-3.30089e-05
9.14,4.25151e-05,-3.17622e-05,4.2515e-05,-3.17621e-05,4.2515e-05,-3.17621e-05
9.16,4.19811e-05,-3.04344e-05,4.19809e-05,-3.04342e-05,4.1981e-05,-3.04343e-05
9.18,4.12861e-05,-2.90338e-05,4.1286e-05,-2.90337e-05,4.1286e-05,-2.90337e-05
9.2,4.04396e-05,-2.7569e-05,4.04394e-05,-2.75689e-05,4.04394e-05,-2.75689e-05
9.22,3.94512e-05,-2.60483e-05,3.9451e-05,-2.60482e-05,3.9451e-05,-2.60482e-05
9.24,3.83308e-05,-2.448e-05,3.83306e-05,-2.44799e-05,3.83306e-05,-2.44799e-05
9.26,3.70886e-05,-2.28724e-05,3.70884e-05,-2.28723e-05,3.70884e-05,-2.28723e-05
9.28,3.57346e-05,-2.12334e-05,3.57344e-05,-2.12333e-05,3.57344e-05,-2.12333e-05
9.3,3.42791e-05,-1.95711e-05,3.42789e-05,-1.9571e-05,3.42789e-05,-1.9571e-05
9.32,3.27325e-05,-1.7893e-05,3.27323e-05,-1.78929e-05,3.27323e-05,-1.78929e-05
9.34,3.1105e-05,-1.62068e-05,3.11048e-05,-1.62067e-05,3.11049e-05,-1.62067e-05
9.36,2.94069e-05,-1.45196e-05,2.94067e-05,-1.45195e-05,2.94067e-05,-1.45195e-05
9.38,2.76481e-05,-1.28385e-05,2.76479e-05,-1.28384e-05,2.76479e-05,-1.28384e-05
9.4,2.58388e-05,-1.11702e-05,2.58386e-05,-1.11701e-05,2.58386e-05,-1.11701e-05
9.42,2.39887e-05,-9.521e-06,2.39885e-05,-9.52091e-06,2.39885e-05,-9.52093e-06
9.44,2.21074e-05,-7.8971e-06,2.21072e-05,-7.89702e-06,2.21072e-05,-7.89703e-06
9.46,2.02042e-05,-6.30424e-06,2.0204e-05,-6.30416e-06,2.0204e-05,-6.30417e-06
9.48,1.82883e-05,-4.74784e-06,1.82881e-05,-4.74776e-06,1.82881e-05,-4.74777e-06
9.5,1.63684e-05,-3.23297e-06,1.63682e-05,-3.23289e-06,1.63682e-05,-3.2329e-06
9.52,1.4453e-05,-1.76434e-06,1.44528e-05,-1.76427e-06,1.44528e-05,-1.76428e-06
9.54,1.25502e-05,-3.46305e-07,1.255e-05,-3.46236e-07,1.255e-05,-3.46245e-07
9.56,1.06678e-05,1.01717e-06,1.06676e-05,1.01724e-06,1.06676e-05,1.01723e-06
9.58,8.81304e-06,2.32249e-06,8.81286e-06,2.32255e-06,8.81287e-06,2.32254e-06
9.6,6.99301e-06,3.56642e-06,6.99283e-06,3.56648e-06,6.99284e-06,3.56647e-06
9.62,5.21421e-06,4.74613e-06,5.21403e-06,4.74618e-06,5.21404e-06,4.74617e-06
9.64,3.48275e-06,5.85912e-06,3.48258e-06,5.85917e-06,3.48259e-06,5.85917e-06
9.66,1.80433e-06,6.90331e-06,1.80416e-06,6.90336e-06,1.80417e-06,6.90335e-06
9.68,1.84164e-07,7.87695e-06,1.84008e-07,7.87699e-06,1.84015e-07,7.87699e-06
9.7,-1.37294e-06,8.77866e-06,-1.37309e-06,8.7787e-06,-1.37309e-06,8.7787e-06
9.72,-2.86267e-06,9.60742e-06,-2.86281e-06,9.60745e-06,-2.8628e-06,9.60745e-06
9.74,-4.28112e-06,1.03625e-05,-4.28125e-06,1.03626e-05,-4.28125e-06,1.03626e-05
9.76,-5.62487e-06,1.10436e-05,-5.625e-06,1.10437e-05,-5.625e-06,1.10437e-05
9.78,-6.89095e-06,1.16507e-05,-6.89107e-06,1.16508e-05,-6.89107e-06,1.16508e-05
9.8,-8.07682e-06,1.21841e-05,-8.07694e-06,1.21841e-05,-8.07693e-06,1.21841e-05
9.82,-9.18039e-06,1.26442e-05,-9.1805e-06,1.26443e-05,-9.18049e-06,1.26443e-05
9.84,-1.02e-05,1.30321e-05,-1.02001e-05,1.30321e-05,-1.02001e-05,1.30321e-05
9.86,-1.11344e-05,1.33488e-05,-1.11345e-05,1.33488e-05,-1.11345e-05,1.33488e-05
9.88,-1.19828e-05,1.35957e-05,-1.19828e-05,1.35957e-05,-1.19828e-05,1.35957e-05
9.9,-1.27447e-05,1.37744e-05,-1.27447e-05,1.37744e-05,-1.27447e-05,1.37744e-05
9.92,-1.34201e-05,1.38869e-05,-1.34201e-05,1.38869e-05,-1.34201e-05,1.38869e-05
9.94,-1.40093e-05,1.3935e-05,-1.40094e-05,1.3935e-05,-1.40094e-05,1.3935e-05
9.96,-1.4513e-05,1.39212e-05,-1.45131e-05,1.39212e-05,-1.45131e-05,1.39212e-05
9.98,-1.49323e-05,1.38478e-05,-1.49323e-05,1.38478e-05,-1.49323e-05,1.38478e-05
